total_dice_coefficient,IRF_dice_coefficient,SRF_dice_coefficient,PED_dice_coefficient
0.7483138269292813,0.6692955955614694,0.8488111231526169,0.6802934929453819
