total_dice_coefficient,IRF_dice_coefficient,SRF_dice_coefficient,PED_dice_coefficient
0.7437615592773273,0.6863720999013722,0.7813111321921054,0.7493836569178838
